INSERT INTO TechMarket.cliente (nome_completo, email, senha, telefone, data_cadastro) 
VALUES ('Francisco Melo', 'alanaduarte@bol.com.br', '^51cWU$2d7', '(021) 6851 9783', '2025-03-12 10:38:08'),
('Henrique Ramos', 'vicente57@mendes.net', 'dr9MRGrg_5', '+55 (051) 6213-6317', '2025-01-14 18:32:04'),
('João Guilherme das Neves', 'moreirajoaquim@ig.com.br', '#5MiHUaXSB', '61 9428 0582', '2025-03-05 18:52:36'),
('João Guilherme Almeida', 'lalmeida@yahoo.com.br', '#jQfebx3v1', '+55 (084) 3253 0630', '2024-09-24 14:51:34'),
('Luiz Felipe Silva', 'da-costacaua@porto.com', '(lGtXhK8!7', '+55 61 7904 6440', '2025-01-12 22:04:21'),
('Diego Martins', 'daniel07@ferreira.org', 'OaR3R5CB(L', '(051) 1041-4023', '2025-04-23 15:50:40'),
('Marcos da Mata', 'gabriela60@campos.com', 'CxtBqtvz#0', '(031) 3636-9301', '2024-11-06 04:31:09'),
('Rafael da Cunha', 'castrojoao@lima.net', 'T3Tfl3fFkq', '(027) 6991-2101', '2025-01-01 01:20:27'),
('Cauê Moreira', 'matheus84@ramos.org', 'b%muf7AvmU', '(041) 2251-3339', '2024-12-25 11:51:43'),
('Fábio da Mota', 'isabel37@yahoo.com', 'AtXy0gD!kU', '(098) 3145-0702', '2025-04-09 06:16:12'),
('Cláudio Cavalcanti', 'daniel-gomes@torres.com.br', 'y7M6)cc52a', '(051) 9483-6523', '2024-11-23 08:26:43'),
('Tiago Costa', 'camilasouza@bol.com.br', 'o02uK+PxaT', '0919-233-8792', '2025-02-01 19:17:50'),
('Pedro Henrique da Cruz', 'maria29@machado.net', '3J#hLVfR4E', '84 5307-2923', '2025-01-28 16:36:51'),
('Renato Fogaça', 'piresjoao@torres.com', '8&12TrwRf0', '(061) 5246-2814', '2024-09-20 10:04:22'),
('Maria Luísa Fernandes', 'vieiraisabel@martins.org', 'r3L7uUuk)A', '(084) 4645-4099', '2025-05-13 08:59:13'),
('Thiago Fogaça', 'barbara39@yahoo.com', 'Ypa0^fOgRj', '(051) 3629-7070', '2025-06-29 21:22:56'),
('Larissa Moreira', 'fernandesbarbara@r7.com', 'nDeT31b!Up', '(084) 8335-2949', '2025-02-18 14:41:15'),
('Vinícius Ferreira', 'matheustavares@hotmail.com', 'En)d4K1A4x', '(031) 7394-8720', '2025-06-16 03:52:04'),
('Gabriel Nogueira', 'henrique73@uol.com.br', '2hKT^E0Zz5', '(027) 5801-3929', '2025-07-09 06:33:39'),
('Lucas da Luz', 'piresmaria@martins.org', '4udH^!HRgJ', '(021) 8010-6479', '2025-05-27 02:12:43'),
('Caio Moura', 'natan34@ig.com.br', 'r2TQ+ZHp8n', '(051) 2650-0111', '2025-04-01 04:19:53'),
('Fernanda Araújo', 'nunesjoao@ig.com.br', 'E7Tluj5H2Q', '(021) 2215-3550', '2025-06-08 17:39:41'),
('Eduarda Moreira', 'castromaria@lima.net', 'DYTjTfEn#Z', '(027) 5319-9367', '2025-07-23 11:27:01'),
('Isabela Farias', 'jesusamanda@r7.com', 'J(E57UZt8P', '(041) 9805-3947', '2024-10-14 22:41:11'),
('Mateus da Luz', 'joana39@yahoo.com', 'z4m%H3v4Xc', '(021) 2124-9914', '2025-02-20 12:50:40'),
('Amanda Moreira', 'lopesjoao@ig.com.br', 'K1pFg5Jq4@', '(084) 8221-3451', '2025-06-07 08:16:12'),
('Ana Júlia Campos', 'almeidapaula@r7.com', 'F9+waYspN3', '(021) 8136-5446', '2025-03-25 06:31:42'),
('Daniela Duarte', 'costadavi@terra.com.br', 'j%5ZqF0iEn', '(027) 3972-8094', '2025-05-02 15:19:33'),
('Felipe Teixeira', 'almeidaclara@ig.com.br', '7Nkv6x!PFa', '(084) 3098-0703', '2024-12-04 02:57:10'),
('Victor Lima', 'souzamaria@campos.com', 'pD3h1wEr#J', '(027) 7417-2014', '2025-07-25 07:12:24'),
('Larissa Rodrigues', 'cavalcantimaria@uol.com.br', 'sA2Nh4K@uK', '(084) 4145-2254', '2025-05-29 16:18:08'),
('Rodrigo Nunes', 'barrosamanda@lima.net', '0EZ)CjP5wc', '(021) 6429-7895', '2024-12-27 11:22:31'),
('Samuel Mendes', 'paulovicente@ig.com.br', 'Tf#1BMq6sE', '(098) 2708-1017', '2025-06-13 10:40:28'),
('José Eduardo Vieira', 'pereiraantonio@terra.com.br', '6p%Tk05FDx', '(031) 6530-4209', '2025-01-09 14:35:22'),
('Manuela Pinto', 'maria-luiza77@oliveira.com', 'JXrR8#iB4v', '(051) 8387-5428', '2025-02-15 20:09:55'),
('Giovanna Pires', 'vinicius54@ig.com.br', 'm4(ZtdF2jV', '(021) 4570-7411', '2025-03-17 17:46:26'),
('Isadora Costa', 'costaana-luiza@ig.com.br', 'bq29$0tQjM', '(098) 4538-0199', '2025-06-23 05:54:21'),
('Mariana Azevedo', 'joao44@yahoo.com', 'pN!7vVgB6d', '(031) 5317-2044', '2024-09-18 12:43:55'),
('Camila Rocha', 'souzaheitor@ramos.org', 'Hb4&C3UoAs', '(021) 4060-0917', '2025-07-16 09:38:57'),
('Beatriz Almeida', 'vieirajoao@r7.com', '3E#LJrH58M', '(027) 5316-5870', '2024-11-28 01:26:14'),
('Lucas Henrique Barros', 'gabriel10@lopes.com.br', 'VnX7h*2dE8', '(084) 8079-9962', '2025-03-08 22:34:00'),
('Marcelo Silva', 'carolina49@yahoo.com', '6i@3lPYpNQ', '(031) 2485-8306', '2025-05-05 04:48:10'),
('Eduardo Castro', 'beatriz-costa@lima.net', 'dS&2YHp04c', '(027) 3361-5402', '2025-02-22 21:58:27'),
('André Oliveira', 'joao80@terra.com.br', 'hP4Y8jG$Vf', '(041) 2870-9511', '2025-04-30 13:34:44'),
('Maria Fernanda Fogaça', 'almeidaana-clara@campos.com', 'e!fQ60Zr4t', '(084) 2603-7784', '2024-12-19 18:05:31'),
('Maria Vitória da Costa', 'ferreiradavi-lucas@uol.com.br', '$YWEK*zfw0', '31 2297-3408', '2024-11-12 17:44:49'),
('Cecília Freitas', 'da-cunhafelipe@ig.com.br', 'oy9UFsuz^s', '(021) 0069-1532', '2025-04-26 14:21:26');

INSERT INTO TechMarket.categoria (nome_categoria, descricao) 
VALUES 
('Notebooks', 'Laptops e ultrabooks para uso pessoal e profissional'),
('Smartphones', 'Celulares de última geração e intermediários'),
('Tablets', 'Tablets para estudo, lazer e produtividade'),
('Monitores', 'Monitores de várias polegadas e resoluções'),
('Teclados', 'Teclados mecânicos, semi-mecânicos e convencionais'),
('Mouses', 'Mouses gamers, sem fio e ergonômicos'),
('Headsets', 'Headsets para jogos e uso profissional'),
('Caixas de Som', 'Caixas de som Bluetooth e com fio'),
('Impressoras', 'Impressoras multifuncionais e 3D'),
('Câmeras Digitais', 'Câmeras compactas e profissionais'),
('Drones', 'Drones recreativos e profissionais'),
('Smartwatch', 'Relógios inteligentes com várias funções'),
('Projetores', 'Projetores para escritório e home theater'),
('HD Externo', 'Armazenamento portátil de alta capacidade'),
('SSD', 'Unidades de estado sólido para PCs e notebooks'),
('Placas de Vídeo', 'Placas de vídeo para gamers e profissionais'),
('Processadores', 'CPUs de alto desempenho'),
('Placas-Mãe', 'Motherboards compatíveis com diversas plataformas'),
('Memória RAM', 'Memórias DDR4 e DDR5'),
('Fontes de Energia', 'Fontes ATX e modulares'),
('Gabinetes', 'Gabinetes gamer e minimalistas'),
('Coolers', 'Soluções de refrigeração líquida e a ar'),
('Consoles', 'PlayStation, Xbox e Nintendo'),
('Jogos', 'Jogos digitais e físicos para consoles e PC'),
('Controles', 'Gamepads, joysticks e volantes'),
('VR Headsets', 'Óculos de realidade virtual'),
('Rede e Wi-Fi', 'Roteadores, repetidores e adaptadores'),
('Cabos e Adaptadores', 'Cabos HDMI, USB, DisplayPort e mais'),
('Carregadores', 'Carregadores rápidos e universais'),
('Baterias', 'Baterias portáteis e powerbanks'),
('Suportes', 'Suportes para notebook, monitor e celular'),
('Webcams', 'Câmeras para videoconferência'),
('Microfones', 'Microfones profissionais e de mesa'),
('Placas de Som', 'Placas de som externas e internas'),
('Estabilizadores', 'Estabilizadores e nobreaks'),
('Softwares', 'Licenças de sistemas e aplicativos'),
('Serviços Cloud', 'Planos de armazenamento em nuvem'),
('Segurança Digital', 'Antivírus e firewalls'),
('Cursos Online', 'Cursos de programação, design e tecnologia'),
('Livros Técnicos', 'Livros de TI, engenharia e ciência de dados'),
('Acessórios Gamer', 'Mousepads, keycaps e grips'),
('Periféricos Premium', 'Produtos high-end para entusiastas'),
('Cadeiras Gamer', 'Cadeiras ergonômicas e confortáveis'),
('Mesas para PC', 'Mesas ajustáveis e de canto'),
('Iluminação RGB', 'Lâmpadas e fitas LED RGB'),
('Smart Home', 'Dispositivos para casas inteligentes'),
('Assistentes Virtuais', 'Alexa, Google Home e similares'),
('Automação Residencial', 'Sensores, câmeras e hubs'),
('Ofertas Relâmpago', 'Produtos em promoção por tempo limitado'),
('Colecionáveis', 'Action figures e itens geek');

select * from TechMarket.pedido;

INSERT INTO TechMarket.produto 
(id_categoria, nome_produto, descricao, preco, estoque_disponivel, imagem_url) 
VALUES 
(1, 'Notebook Gamer Pro X15', 'Notebook de alta performance com RTX e i7 de 12ª geração', 7200.00, 20, 'http://example.com/notebook_gamer.jpg'),
(2, 'iPhone 14 Pro Max', 'Smartphone Apple com câmera tripla e tela Super Retina XDR', 8999.99, 15, 'http://example.com/iphone14pro.jpg'),
(3, 'Samsung Galaxy Tab S8', 'Tablet Android com tela AMOLED e suporte à S-Pen', 4500.00, 30, 'http://example.com/galaxy_tab_s8.jpg'),
(4, 'Monitor LG UltraWide 34"', 'Monitor ultrawide curvo para multitarefas e jogos', 2899.90, 40, 'http://example.com/monitor_ultrawide.jpg'),
(5, 'Teclado Mecânico Redragon Kumara', 'Teclado mecânico com switches blue e iluminação RGB', 350.00, 80, 'http://example.com/teclado_redragon.jpg'),
(6, 'Mouse Gamer Logitech G502 Hero', 'Mouse com 16.000 DPI e ajuste de peso', 299.90, 100, 'http://example.com/mouse_logitech.jpg'),
(7, 'Headset HyperX Cloud II', 'Headset gamer com som surround 7.1 e microfone removível', 499.99, 60, 'http://example.com/hyperx_cloud.jpg'),
(8, 'Caixa JBL Flip 6', 'Caixa de som portátil Bluetooth à prova d’água', 699.90, 120, 'http://example.com/jbl_flip6.jpg'),
(9, 'Impressora HP DeskJet 2776', 'Impressora multifuncional com Wi-Fi e baixo custo', 599.00, 35, 'http://example.com/impressora_hp.jpg'),
(10, 'Câmera Canon EOS Rebel T7', 'Câmera DSLR com lente 18-55mm e Wi-Fi integrado', 3100.00, 25, 'http://example.com/canon_t7.jpg'),
(11, 'Drone DJI Mini 3 Pro', 'Drone ultraleve com câmera 4K e sensores de obstáculo', 6399.99, 10, 'http://example.com/dji_mini3.jpg'),
(12, 'Apple Watch Series 8', 'Relógio inteligente com monitoramento avançado de saúde', 4199.00, 50, 'http://example.com/apple_watch8.jpg'),
(13, 'Projetor Epson PowerLite', 'Projetor Full HD com 3400 lumens e HDMI', 2890.00, 15, 'http://example.com/projetor_epson.jpg'),
(14, 'HD Externo Seagate 2TB', 'Armazenamento portátil USB 3.0 de alta velocidade', 480.00, 200, 'http://example.com/seagate_2tb.jpg'),
(15, 'SSD Kingston NV2 1TB NVMe', 'SSD M.2 NVMe PCIe 4.0 de alta performance', 499.90, 180, 'http://example.com/ssd_kingston.jpg'),
(16, 'Placa de Vídeo RTX 4070 Ti', 'Placa de vídeo NVIDIA GeForce RTX para gamers', 5499.00, 12, 'http://example.com/rtx4070ti.jpg'),
(17, 'Processador AMD Ryzen 7 5800X', 'CPU de 8 núcleos e 16 threads para alta performance', 1799.99, 20, 'http://example.com/ryzen7.jpg'),
(18, 'Placa-Mãe ASUS TUF B550M', 'Motherboard compatível com processadores Ryzen', 899.00, 25, 'http://example.com/asus_b550m.jpg'),
(19, 'Memória RAM Corsair Vengeance 16GB', 'DDR4 3200MHz para desktops', 420.00, 70, 'http://example.com/ram_corsair.jpg'),
(20, 'Fonte Corsair 650W 80 Plus Bronze', 'Fonte ATX com eficiência energética', 530.00, 40, 'http://example.com/fonte_corsair.jpg'),
(21, 'Gabinete NZXT H510', 'Gabinete mid-tower minimalista com vidro temperado', 599.00, 30, 'http://example.com/nzxt_h510.jpg'),
(22, 'Water Cooler CoolerMaster ML240L', 'Sistema de refrigeração líquida para CPU', 699.90, 18, 'http://example.com/coolermaster_ml240l.jpg'),
(23, 'PlayStation 5', 'Console Sony com suporte a jogos em 4K', 4499.99, 25, 'http://example.com/ps5.jpg'),
(24, 'The Last of Us Part I', 'Jogo de ação e aventura exclusivo para PS5', 299.90, 50, 'http://example.com/tlou.jpg'),
(25, 'Controle Xbox Series X', 'Controle sem fio para Xbox e PC com Bluetooth', 420.00, 70, 'http://example.com/xbox_controller.jpg'),
(26, 'Meta Quest 2', 'Óculos de realidade virtual independente', 2499.00, 15, 'http://example.com/meta_quest2.jpg'),
(27, 'Roteador TP-Link Archer AX3000', 'Roteador Wi-Fi 6 de alta velocidade', 699.00, 60, 'http://example.com/tplink_ax3000.jpg'),
(28, 'Cabo HDMI 2.1 2m', 'Cabo de alta qualidade com suporte a 8K', 79.90, 300, 'http://example.com/hdmi21.jpg'),
(29, 'Carregador Turbo Motorola 30W', 'Carregador rápido USB-C para smartphones', 120.00, 150, 'http://example.com/carregador_motorola.jpg'),
(30, 'Power Bank Xiaomi 20.000mAh', 'Bateria portátil com carregamento rápido', 250.00, 90, 'http://example.com/powerbank_xiaomi.jpg'),
(31, 'Suporte Ergonômico para Notebook', 'Suporte ajustável em alumínio', 130.00, 200, 'http://example.com/suporte_notebook.jpg'),
(32, 'Webcam Logitech C920s', 'Câmera Full HD para videoconferências', 520.00, 50, 'http://example.com/logitech_c920.jpg'),
(33, 'Microfone Blue Yeti', 'Microfone condensador USB profissional', 899.90, 30, 'http://example.com/blue_yeti.jpg'),
(34, 'Placa de Som Creative Sound Blaster', 'Placa de som PCIe de alta fidelidade', 650.00, 20, 'http://example.com/soundblaster.jpg'),
(35, 'Nobreak APC 1200VA', 'Nobreak bivolt com 8 tomadas', 1150.00, 15, 'http://example.com/nobreak_apc.jpg'),
(36, 'Windows 11 Pro', 'Licença original para até 1 dispositivo', 899.00, 100, 'http://example.com/windows11.jpg'),
(37, 'Google Drive 200GB', 'Plano de assinatura mensal de armazenamento em nuvem', 12.90, 999, 'http://example.com/google_drive.jpg'),
(38, 'Kaspersky Internet Security', 'Proteção antivírus para múltiplos dispositivos', 149.90, 300, 'http://example.com/kaspersky.jpg'),
(39, 'Curso Online Python FullStack', 'Curso completo de programação Python', 899.00, 200, 'http://example.com/curso_python.jpg'),
(40, 'Livro Clean Code', 'Livro clássico sobre boas práticas de programação', 180.00, 150, 'http://example.com/clean_code.jpg'),
(41, 'Mousepad Gamer RGB', 'Mousepad grande com iluminação personalizada', 199.90, 120, 'http://example.com/mousepad_rgb.jpg'),
(42, 'Headset Razer BlackShark V2 Pro', 'Headset sem fio premium para gamers', 1399.00, 25, 'http://example.com/razer_blackshark.jpg'),
(43, 'Cadeira Gamer ThunderX3', 'Cadeira ergonômica com ajustes completos', 1299.00, 35, 'http://example.com/cadeira_thunder.jpg'),
(44, 'Mesa Gamer Redragon', 'Mesa espaçosa com suporte para cabos', 899.90, 40, 'http://example.com/mesa_redragon.jpg'),
(45, 'Fita LED RGB 5m', 'Fita inteligente compatível com Alexa e Google Home', 120.00, 300, 'http://example.com/fita_led.jpg'),
(46, 'Echo Dot 5ª Geração', 'Assistente virtual com Alexa integrado', 399.00, 70, 'http://example.com/echo_dot5.jpg'),
(47, 'Kit Automação Smart Home', 'Sensores e hub para automação residencial', 1299.00, 20, 'http://example.com/kit_smart.jpg'),
(48, 'Promoção Relâmpago Headset JBL', 'Headset JBL em desconto por tempo limitado', 299.90, 15, 'http://example.com/headset_jbl.jpg'),
(49, 'Action Figure Iron Man', 'Colecionável oficial Marvel 30cm', 450.00, 60, 'http://example.com/ironman.jpg'),
(50, 'Colecionável Funko Pop Baby Yoda', 'Boneco Funko Pop exclusivo Star Wars', 149.90, 80, 'http://example.com/funko_babyyoda.jpg');

INSERT INTO TechMarket.endereco_entrega 
(id_cliente, logradouro, numero, complemento, bairro, cidade, estado, cep) 
VALUES
(1, 'Rua das Flores', 123, 'Apto 12', 'Centro', 'São Paulo', 'SP', '01001-000'),
(2, 'Avenida Paulista', 1578, NULL, 'Bela Vista', 'São Paulo', 'SP', '01310-200'),
(3, 'Rua XV de Novembro', 450, 'Bloco B', 'Centro', 'Curitiba', 'PR', '80020-310'),
(4, 'Rua das Palmeiras', 78, 'Casa 2', 'Jardins', 'São Paulo', 'SP', '01419-001'),
(5, 'Rua Marechal Deodoro', 1120, NULL, 'Centro', 'Porto Alegre', 'RS', '90010-300'),
(6, 'Rua Goiás', 220, NULL, 'Savassi', 'Belo Horizonte', 'MG', '30140-080'),
(7, 'Rua Amazonas', 55, 'Apto 34', 'Centro', 'Manaus', 'AM', '69005-070'),
(8, 'Rua Bahia', 325, NULL, 'Batel', 'Curitiba', 'PR', '80420-090'),
(9, 'Rua Ceará', 401, 'Bloco A', 'Centro', 'Fortaleza', 'CE', '60015-110'),
(10, 'Avenida Atlântica', 999, NULL, 'Copacabana', 'Rio de Janeiro', 'RJ', '22070-000'),
(11, 'Rua das Laranjeiras', 143, 'Casa 1', 'Laranjeiras', 'Rio de Janeiro', 'RJ', '22240-003'),
(12, 'Rua Pernambuco', 88, NULL, 'Funcionários', 'Belo Horizonte', 'MG', '30130-150'),
(13, 'Rua Bahia', 321, 'Cobertura', 'Pituba', 'Salvador', 'BA', '41810-140'),
(14, 'Rua Sergipe', 45, NULL, 'Centro', 'Uberlândia', 'MG', '38400-200'),
(15, 'Rua Pará', 67, NULL, 'Centro', 'Campinas', 'SP', '13010-050'),
(16, 'Rua Maranhão', 780, 'Sala 4', 'Boa Viagem', 'Recife', 'PE', '51020-090'),
(17, 'Rua Acre', 200, 'Apto 22', 'Meireles', 'Fortaleza', 'CE', '60160-330'),
(18, 'Rua Rio Grande', 303, NULL, 'Trindade', 'Florianópolis', 'SC', '88036-001'),
(19, 'Rua Pará', 900, NULL, 'Centro', 'Belém', 'PA', '66013-100'),
(20, 'Rua do Sol', 156, 'Casa 3', 'Boa Vista', 'Recife', 'PE', '50030-220'),
(21, 'Rua Princesa Isabel', 47, NULL, 'Centro', 'Natal', 'RN', '59025-300'),
(22, 'Rua Dom Pedro II', 59, NULL, 'Centro', 'Maceió', 'AL', '57020-150'),
(23, 'Rua Marechal Floriano', 632, 'Bloco C', 'Centro', 'Curitiba', 'PR', '80020-150'),
(24, 'Rua Oscar Freire', 1780, NULL, 'Jardins', 'São Paulo', 'SP', '01426-000'),
(25, 'Rua Frei Caneca', 220, NULL, 'Bela Vista', 'São Paulo', 'SP', '01307-001'),
(26, 'Rua Barão do Rio Branco', 740, NULL, 'Centro', 'Joinville', 'SC', '89201-010'),
(27, 'Rua Santos Dumont', 123, 'Apto 21', 'Centro', 'Londrina', 'PR', '86010-100'),
(28, 'Rua Coronel Dulcídio', 85, NULL, 'Centro', 'Curitiba', 'PR', '80420-170'),
(29, 'Rua Doutor Souza Lima', 190, NULL, 'Copacabana', 'Rio de Janeiro', 'RJ', '22081-010'),
(30, 'Rua Alagoas', 331, NULL, 'Funcionários', 'Belo Horizonte', 'MG', '30130-160'),
(31, 'Rua Visconde de Pirajá', 578, 'Loja 1', 'Ipanema', 'Rio de Janeiro', 'RJ', '22410-002'),
(32, 'Rua Tamoios', 200, NULL, 'Centro', 'Belo Horizonte', 'MG', '30120-050'),
(33, 'Rua Riachuelo', 95, 'Apto 54', 'Centro', 'São Paulo', 'SP', '01007-000'),
(34, 'Rua José Bonifácio', 230, NULL, 'Centro', 'Porto Alegre', 'RS', '90020-030'),
(35, 'Rua Conselheiro Mafra', 400, NULL, 'Centro', 'Florianópolis', 'SC', '88010-102'),
(36, 'Rua Santo Antônio', 56, NULL, 'Boa Vista', 'Recife', 'PE', '50020-070'),
(37, 'Rua Anchieta', 170, NULL, 'Centro', 'Campinas', 'SP', '13015-010'),
(38, 'Rua Padre Cícero', 250, NULL, 'Centro', 'Juazeiro do Norte', 'CE', '63010-150'),
(39, 'Rua Santa Catarina', 80, NULL, 'Centro', 'Cuiabá', 'MT', '78020-080'),
(40, 'Rua Dom Bosco', 190, NULL, 'Centro', 'Campo Grande', 'MS', '79002-200'),
(41, 'Rua Rui Barbosa', 310, 'Sala 2', 'Centro', 'Aracaju', 'SE', '49010-160'),
(42, 'Rua Piauí', 50, NULL, 'Centro', 'Teresina', 'PI', '64001-110'),
(43, 'Rua Mato Grosso', 120, NULL, 'Centro', 'Uberaba', 'MG', '38010-050'),
(44, 'Rua Benjamin Constant', 432, NULL, 'Centro', 'Pelotas', 'RS', '96010-150'),
(45, 'Rua João Pessoa', 98, NULL, 'Centro', 'Santa Maria', 'RS', '97010-170'),
(46, 'Rua General Osório', 67, NULL, 'Centro', 'Caxias do Sul', 'RS', '95020-190'),
(47, 'Rua Getúlio Vargas', 72, NULL, 'Centro', 'Vitória', 'ES', '29010-200');


			

			
INSERT INTO TechMarket.pedido (id_cliente, id_endereco, data_pedido, valor_total, status)
VALUES
(1, 1, '2025-06-24 18:40:00', 5837.95, 'Enviado'),
(2, 2, '2025-01-09 17:51:00', 2229.14, 'Pendente'),
(3, 3, '2025-05-23 04:06:00', 2659.61, 'Cancelado'),
(4, 4, '2025-03-05 00:16:00', 5108.02, 'Pendente'),
(5, 5, '2025-05-24 01:19:00', 5961.76, 'Processando'),
(6, 6, '2025-05-15 08:18:00', 6943.54, 'Pendente'),
(7, 7, '2025-05-21 04:04:00', 4084.12, 'Enviado'),
(8, 8, '2025-02-09 16:48:00', 3277.33, 'Entregue'),
(9, 9, '2025-05-01 03:44:00', 7135.12, 'Pendente'),
(10, 10, '2025-05-27 15:12:00', 8362.1, 'Processando'),
(11, 11, '2025-06-05 00:34:00', 7992.34, 'Processando'),
(12, 12, '2025-05-08 08:08:00', 4639.84, 'Cancelado'),
(13, 13, '2025-01-16 04:49:00', 3908.47, 'Pendente'),
(14, 14, '2025-02-18 01:09:00', 2856.48, 'Cancelado'),
(15, 15, '2025-03-31 07:25:00', 7648.62, 'Cancelado'),
(16, 16, '2025-04-22 01:21:00', 6627.1, 'Cancelado'),
(17, 17, '2025-05-18 10:26:00', 2608.73, 'Enviado'),
(18, 18, '2025-01-27 13:56:00', 7892.88, 'Pendente'),
(19, 19, '2025-04-27 19:43:00', 2325.49, 'Pendente'),
(20, 20, '2025-03-01 00:43:00', 4765.62, 'Entregue'),
(21, 21, '2025-06-14 06:31:00', 4332.69, 'Entregue'),
(22, 22, '2025-03-28 12:20:00', 3676.94, 'Cancelado'),
(23, 23, '2025-02-07 20:47:00', 8929.86, 'Pendente'),
(24, 24, '2025-05-08 16:24:00', 8930.39, 'Cancelado'),
(25, 25, '2025-04-15 22:18:00', 9012.37, 'Pendente'),
(26, 26, '2025-04-25 06:08:00', 1488.73, 'Processando'),
(27, 27, '2025-06-10 21:59:00', 9403.71, 'Cancelado'),
(28, 28, '2025-01-16 08:13:00', 1995.46, 'Cancelado'),
(29, 29, '2025-02-07 10:20:00', 6302.65, 'Entregue'),
(30, 30, '2025-01-10 11:22:00', 1802.29, 'Cancelado'),
(31, 31, '2025-03-09 17:13:00', 8962.72, 'Entregue'),
(32, 32, '2025-01-31 07:59:00', 1246.35, 'Entregue'),
(33, 33, '2025-06-01 13:36:00', 9284.24, 'Cancelado'),
(34, 34, '2025-02-26 15:29:00', 8966.74, 'Enviado'),
(35, 35, '2025-06-28 11:05:00', 5935.23, 'Enviado'),
(36, 36, '2025-06-23 18:40:00', 8354.58, 'Enviado'),
(37, 37, '2025-01-19 13:53:00', 3272.68, 'Enviado'),
(38, 38, '2025-01-17 03:39:00', 3793.36, 'Entregue'),
(39, 39, '2025-03-19 02:27:00', 6525.06, 'Processando'),
(40, 40, '2025-07-09 10:00:00', 8986.46, 'Cancelado'),
(41, 41, '2025-06-17 04:57:00', 3193.65, 'Pendente'),
(42, 42, '2025-03-10 22:51:00', 4536.39, 'Pendente'),
(43, 43, '2025-05-08 05:11:00', 7963.86, 'Entregue'),
(44, 44, '2025-06-27 10:29:00', 2274.54, 'Cancelado'),
(45, 45, '2025-06-20 19:55:00', 9304.27, 'Processando'),
(46, 46, '2025-03-02 02:06:00', 8850.9, 'Cancelado'),
(47, 47, '2025-02-20 18:04:00', 8829.65, 'Entregue');

			







				
INSERT INTO TechMarket.pedido (id_cliente, id_endereco, data_pedido, valor_total, status)
VALUES
(1, 1, '2025-06-24 18:40:00', 5837.95, 'Enviado'),
(2, 2, '2025-01-09 17:51:00', 2229.14, 'Pendente'),
(3, 3, '2025-05-23 04:06:00', 2659.61, 'Cancelado'),
(4, 4, '2025-03-05 00:16:00', 5108.02, 'Pendente'),
(5, 5, '2025-05-24 01:19:00', 5961.76, 'Processando'),
(6, 6, '2025-05-15 08:18:00', 6943.54, 'Pendente'),
(7, 7, '2025-05-21 04:04:00', 4084.12, 'Enviado'),
(8, 8, '2025-02-09 16:48:00', 3277.33, 'Entregue'),
(9, 9, '2025-05-01 03:44:00', 7135.12, 'Pendente'),
(10, 10, '2025-05-27 15:12:00', 8362.1, 'Processando'),
(11, 11, '2025-06-05 00:34:00', 7992.34, 'Processando'),
(12, 12, '2025-05-08 08:08:00', 4639.84, 'Cancelado'),
(13, 13, '2025-01-16 04:49:00', 3908.47, 'Pendente'),
(14, 14, '2025-02-18 01:09:00', 2856.48, 'Cancelado'),
(15, 15, '2025-03-31 07:25:00', 7648.62, 'Cancelado'),
(16, 16, '2025-04-22 01:21:00', 6627.1, 'Cancelado'),
(17, 17, '2025-05-18 10:26:00', 2608.73, 'Enviado'),
(18, 18, '2025-01-27 13:56:00', 7892.88, 'Pendente'),
(19, 19, '2025-04-27 19:43:00', 2325.49, 'Pendente'),
(20, 20, '2025-03-01 00:43:00', 4765.62, 'Entregue'),
(21, 21, '2025-06-14 06:31:00', 4332.69, 'Entregue'),
(22, 22, '2025-03-28 12:20:00', 3676.94, 'Cancelado'),
(23, 23, '2025-02-07 20:47:00', 8929.86, 'Pendente'),
(24, 24, '2025-05-08 16:24:00', 8930.39, 'Cancelado'),
(25, 25, '2025-04-15 22:18:00', 9012.37, 'Pendente'),
(26, 26, '2025-04-25 06:08:00', 1488.73, 'Processando'),
(27, 27, '2025-06-10 21:59:00', 9403.71, 'Cancelado'),
(28, 28, '2025-01-16 08:13:00', 1995.46, 'Cancelado'),
(29, 29, '2025-02-07 10:20:00', 6302.65, 'Entregue'),
(30, 30, '2025-01-10 11:22:00', 1802.29, 'Cancelado'),
(31, 31, '2025-03-09 17:13:00', 8962.72, 'Entregue'),
(32, 32, '2025-01-31 07:59:00', 1246.35, 'Entregue'),
(33, 33, '2025-06-01 13:36:00', 9284.24, 'Cancelado'),
(34, 34, '2025-02-26 15:29:00', 8966.74, 'Enviado'),
(35, 35, '2025-06-28 11:05:00', 5935.23, 'Enviado'),
(36, 36, '2025-06-23 18:40:00', 8354.58, 'Enviado'),
(37, 37, '2025-01-19 13:53:00', 3272.68, 'Enviado'),
(38, 38, '2025-01-17 03:39:00', 3793.36, 'Entregue'),
(39, 39, '2025-03-19 02:27:00', 6525.06, 'Processando'),
(40, 40, '2025-07-09 10:00:00', 8986.46, 'Cancelado'),
(41, 41, '2025-06-17 04:57:00', 3193.65, 'Pendente'),
(42, 42, '2025-03-10 22:51:00', 4536.39, 'Pendente'),
(43, 43, '2025-05-08 05:11:00', 7963.86, 'Entregue'),
(44, 44, '2025-06-27 10:29:00', 2274.54, 'Cancelado'),
(45, 45, '2025-06-20 19:55:00', 9304.27, 'Processando'),
(46, 46, '2025-03-02 02:06:00', 8850.9, 'Cancelado'),
(47, 47, '2025-02-20 18:04:00', 8829.65, 'Entregue');


INSERT INTO TechMarket.item_pedido (id_pedido, id_produto, quantidade)
VALUES
(1, 12, 2),
(1, 5, 1),
(2, 33, 1),
(3, 7, 2),
(3, 45, 1),
(4, 16, 3),
(5, 21, 1),
(6, 30, 2),
(7, 41, 1),
(7, 2, 2),
(8, 14, 1),
(9, 27, 1),
(9, 38, 2),
(10, 50, 1),
(11, 3, 1),
(11, 19, 2),
(12, 8, 1),
(13, 26, 1),
(13, 6, 2),
(14, 29, 1),
(15, 11, 1),
(15, 34, 2),
(16, 22, 1),
(17, 9, 1),
(18, 39, 3),
(19, 13, 1),
(20, 24, 2),
(20, 1, 1),
(21, 46, 1),
(22, 18, 2),
(23, 35, 1),
(23, 47, 1),
(24, 32, 2),
(25, 15, 1),
(25, 43, 1),
(26, 28, 1),
(27, 31, 2),
(28, 4, 1),
(28, 20, 1),
(29, 36, 1),
(30, 44, 2),
(31, 25, 1),
(32, 49, 2),
(33, 40, 1),
(34, 17, 3),
(35, 10, 1),
(36, 23, 2),
(37, 37, 1),
(37, 42, 1),
(38, 48, 1),
(39, 2, 1),
(40, 21, 1),
(41, 27, 2),
(42, 6, 1),
(42, 14, 1),
(43, 8, 1),
(44, 19, 1),
(45, 29, 2),
(46, 5, 1),
(47, 12, 1),
(47, 7, 1);



INSERT INTO TechMarket.pagamento (id_pedido, forma_pagamento, status, data_pagamento)
VALUES
(1, 'Cartão de Crédito', 'Aprovado', '2025-06-24 19:00:00'),
(2, 'Pix', 'Aprovado', '2025-01-09 18:10:00'),
(3, 'Boleto', 'Pendente', '2025-05-23 05:00:00'),
(4, 'Cartão de Crédito', 'Recusado', '2025-03-05 01:00:00'),
(5, 'Pix', 'Aprovado', '2025-05-24 02:00:00'),
(6, 'Cartão de Crédito', 'Estornado', '2025-05-15 09:00:00'),
(7, 'Transferência', 'Aprovado', '2025-05-21 05:00:00'),
(8, 'Pix', 'Aprovado', '2025-02-09 17:00:00'),
(9, 'Cartão de Crédito', 'Aprovado', '2025-05-01 04:30:00'),
(10, 'Pix', 'Pendente', '2025-05-27 16:00:00'),
(11, 'Boleto', 'Pendente', '2025-06-05 01:00:00'),
(12, 'Cartão de Crédito', 'Aprovado', '2025-05-08 09:00:00'),
(13, 'Transferência', 'Recusado', '2025-01-16 05:00:00'),
(14, 'Cartão de Crédito', 'Aprovado', '2025-02-18 02:00:00'),
(15, 'Pix', 'Aprovado', '2025-03-31 08:00:00'),
(16, 'Boleto', 'Estornado', '2025-04-22 02:00:00'),
(17, 'Pix', 'Aprovado', '2025-05-18 11:00:00'),
(18, 'Cartão de Crédito', 'Aprovado', '2025-01-27 14:30:00'),
(19, 'Transferência', 'Pendente', '2025-04-27 20:00:00'),
(20, 'Cartão de Crédito', 'Aprovado', '2025-03-01 01:00:00'),
(21, 'Pix', 'Aprovado', '2025-06-14 07:00:00'),
(22, 'Cartão de Crédito', 'Recusado', '2025-03-28 13:00:00'),
(23, 'Boleto', 'Aprovado', '2025-02-07 21:00:00'),
(24, 'Cartão de Crédito', 'Aprovado', '2025-05-08 17:00:00'),
(25, 'Pix', 'Aprovado', '2025-04-15 23:00:00'),
(26, 'Cartão de Crédito', 'Aprovado', '2025-04-25 07:00:00'),
(27, 'Pix', 'Pendente', '2025-06-10 22:00:00'),
(28, 'Boleto', 'Recusado', '2025-01-16 09:00:00'),
(29, 'Transferência', 'Aprovado', '2025-02-07 11:00:00'),
(30, 'Cartão de Crédito', 'Estornado', '2025-01-10 12:00:00'),
(31, 'Pix', 'Aprovado', '2025-03-09 18:00:00'),
(32, 'Boleto', 'Aprovado', '2025-01-31 08:30:00'),
(33, 'Cartão de Crédito', 'Recusado', '2025-06-01 14:00:00'),
(34, 'Pix', 'Aprovado', '2025-02-26 16:00:00'),
(35, 'Transferência', 'Aprovado', '2025-06-28 12:00:00'),
(36, 'Cartão de Crédito', 'Aprovado', '2025-06-23 19:00:00'),
(37, 'Boleto', 'Aprovado', '2025-01-19 14:00:00'),
(38, 'Pix', 'Pendente', '2025-01-17 04:00:00'),
(39, 'Cartão de Crédito', 'Aprovado', '2025-03-19 03:00:00'),
(40, 'Pix', 'Aprovado', '2025-07-09 11:00:00'),
(41, 'Cartão de Crédito', 'Aprovado', '2025-06-17 05:00:00'),
(42, 'Boleto', 'Recusado', '2025-03-10 23:00:00'),
(43, 'Pix', 'Aprovado', '2025-05-08 06:00:00'),
(44, 'Cartão de Crédito', 'Estornado', '2025-06-27 11:00:00'),
(45, 'Transferência', 'Aprovado', '2025-06-20 20:00:00'),
(46, 'Pix', 'Aprovado', '2025-03-02 03:00:00'),
(47, 'Cartão de Crédito', 'Aprovado', '2025-02-20 19:00:00');
